participantTemp-mean,participantTemp-median,participantTemp-min,participantTemp-max,participantTemp-sd,participantTemp-range,participantTemp-skewness,participantTemp-kurtosis,class
34.57311111111111,34.73,33.17,34.91,0.41605460230451163,1.7399999999999949,-3.808894744424257E-06,2.115774928611334E-07,inattentive
34.66333333333331,34.78,33.53,34.89,0.30243456592569995,1.3599999999999994,0.005909126211200447,0.0040379624374072155,inattentive
34.55108108108108,34.75,33.05,34.87,0.4320146630631116,1.8200000000000003,-0.002725313376504311,0.0012684962036859225,inattentive
34.52142857142856,34.73,33.11,34.89,0.4646994493554865,1.7800000000000011,0.0069711009103562566,0.004628975931879703,inattentive
34.709230769230764,34.85,33.09,34.99,0.3560674425844616,1.8999999999999986,0.009428625734095857,0.007434737574877216,inattentive
34.767966101694924,34.87,33.29,34.99,0.3037995529003133,1.7000000000000028,-0.07464245872648076,0.12234848220841907,inattentive
34.7428888888889,34.93,33.07,35.01,0.40801210342734934,1.9399999999999977,0.002906554983067111,0.001475396996784761,inattentive
34.73162162162162,34.89,33.01,35.05,0.44392301203427925,2.039999999999999,0.00820686611222941,0.005516162342911853,inattentive
