participantTemp-mean,participantTemp-median,participantTemp-min,participantTemp-max,participantTemp-sd,participantTemp-range,participantTemp-skewness,participantTemp-kurtosis,class
34.595170068027215,34.75,33.13,34.91,0.38984447228794306,1.779999999999994,-1.0581829441084859E-05,1.2260837069229535E-06,inattentive
34.654210526315794,34.77,33.11,34.91,0.31469333569094615,1.7999999999999972,0.002424244888988595,0.0016623374865180557,inattentive
34.61013513513513,34.79,33.01,34.93,0.40692317238636305,1.9200000000000017,-0.001765216840748591,0.0011284560638757327,inattentive
34.68054794520546,34.82,33.11,34.97,0.34504869781762765,1.8599999999999994,0.0005565595476186115,0.00024106443100122335,inattentive
34.6632857142857,34.83,33.03,34.99,0.4238302268886561,1.9600000000000009,0.0032719040409693416,0.002522183940297088,inattentive
34.687588652482226,34.83,33.01,35.01,0.3943967486329304,2,-0.00841834994975859,0.008913378276643227,inattentive
34.75590909090907,34.93,33.07,35.03,0.41615657481991114,1.9600000000000009,0.0007685486608967429,0.00035844275279951646,inattentive
34.690162601626,34.87,33.01,35.05,0.44151620460246416,2.039999999999999,0.0037073915547671645,0.0028535992282779873,inattentive
