participantTemp-min,participantTemp-max,participantTemp-sd,participantTemp-range,participantTemp-skewness,participantTemp-kurtosis,class
1.4031111111111088,0.33688888888888613,0.41605460230451163,1.0662222222222226,-3.808894744424257E-06,2.115774928611334E-07,inattentive
1.1333333333333115,0.2266666666666879,0.30243456592569995,0.9066666666666237,0.005909126211200447,0.0040379624374072155,inattentive
1.5010810810810824,0.3189189189189179,0.4320146630631116,1.1821621621621645,-0.002725313376504311,0.0012684962036859225,inattentive
1.4114285714285586,0.36857142857144254,0.4646994493554865,1.042857142857116,0.0069711009103562566,0.004628975931879703,inattentive
1.6192307692307608,0.28076923076923777,0.3560674425844616,1.338461538461523,0.009428625734095857,0.007434737574877216,inattentive
1.4779661016949248,0.22203389830507803,0.3037995529003133,1.2559322033898468,-0.07464245872648076,0.12234848220841907,inattentive
1.6728888888888989,0.26711111111109886,0.40801210342734934,1.4057777777778,0.002906554983067111,0.001475396996784761,inattentive
1.7216216216216225,0.3183783783783767,0.44392301203427925,1.4032432432432458,0.00820686611222941,0.005516162342911853,inattentive
