participantTemp-min,participantTemp-max,participantTemp-sd,participantTemp-range,participantTemp-skewness,participantTemp-kurtosis,class
1.4358762886597773,0.3441237113402167,0.4335129876586169,1.0917525773195607,-5.063710707098752E-07,1.854452696094085E-08,inattentive
1.1274747474747429,0.2525252525252526,0.28699186429303325,0.8749494949494903,0.004101924587507705,0.0030375863125844827,inattentive
1.6305882352940912,0.28941176470591046,0.3862307131536282,1.3411764705881808,-0.004175355832146406,0.0031414106689793267,inattentive
1.5215384615384622,0.33846153846153726,0.39271644295173824,1.183076923076925,0.0014182422278360039,0.0007167169582508176,inattentive
1.62829787234039,0.3317021276596108,0.43817231211231966,1.2965957446807792,0.004615110718863292,0.0034936987174105576,inattentive
1.7290909090908784,0.2509090909091256,0.33671344082243976,1.4781818181817528,-0.02731206243170976,0.03804968451495089,inattentive
1.6827906976743776,0.2572093023256201,0.4111940954093497,1.4255813953487575,0.0012827532675431285,0.0006152103830582974,inattentive
1.6860526315789386,0.35394736842106056,0.45509998597002493,1.332105263157878,0.005198762981213273,0.0038147951442375327,inattentive
