participantTemp-min,participantTemp-max,participantTemp-sd,participantTemp-range,participantTemp-skewness,participantTemp-kurtosis,class
1.4651700680272128,0.3148299319727812,0.38984447228794306,1.1503401360544316,-1.0581829441084859E-05,1.2260837069229535E-06,inattentive
1.5442105263157941,0.255789473684203,0.31469333569094615,1.2884210526315911,0.002424244888988595,0.0016623374865180557,inattentive
1.6001351351351332,0.31986486486486854,0.40692317238636305,1.2802702702702646,-0.001765216840748591,0.0011284560638757327,inattentive
1.5705479452054618,0.2894520547945376,0.34504869781762765,1.2810958904109242,0.0005565595476186115,0.00024106443100122335,inattentive
1.633285714285698,0.32671428571430283,0.4238302268886561,1.3065714285713952,0.0032719040409693416,0.002522183940297088,inattentive
1.6775886524822283,0.3224113475177717,0.3943967486329304,1.3551773049644567,-0.00841834994975859,0.008913378276643227,inattentive
1.685909090909071,0.2740909090909298,0.41615657481991114,1.4118181818181412,0.0007685486608967429,0.00035844275279951646,inattentive
1.6801626016260016,0.35983739837399753,0.44151620460246416,1.320325203252004,0.0037073915547671645,0.0028535992282779873,inattentive
